"species_a","species_b","sp_comb","Phylum_taxo_q0","Phylum_taxo_q1","Phylum_taxo_q2","Phylum_phylo_q0","Phylum_phylo_q1","Phylum_phylo_q2","Class_taxo_q0","Class_taxo_q1","Class_taxo_q2","Class_phylo_q0","Class_phylo_q1","Class_phylo_q2","Order_taxo_q0","Order_taxo_q1","Order_taxo_q2","Order_phylo_q0","Order_phylo_q1","Order_phylo_q2","Family_taxo_q0","Family_taxo_q1","Family_taxo_q2","Family_phylo_q0","Family_phylo_q1","Family_phylo_q2","Genus_taxo_q0","Genus_taxo_q1","Genus_taxo_q2","Genus_phylo_q0","Genus_phylo_q1","Genus_phylo_q2","OTU_taxo_q0","OTU_taxo_q1","OTU_taxo_q2","OTU_phylo_q0","OTU_phylo_q1","OTU_phylo_q2"
"Diplodus_annularis","Boops_boops","Boops_boops__Diplodus_annularis",0.25,0.098965280466708,0.0644789473058087,0.216578660474801,0.0798678054536535,0.0380304353333087,0.166666666666667,0.119082529839999,0.108612623111877,0.13999761634179,0.0882127368011929,0.0477902029885438,0.260869565217391,0.225555088710989,0.161324834955491,0.21214846148122,0.134050361890042,0.0589993087268634,0.242424242424242,0.296898333691206,0.322406698895006,0.207162380878755,0.188085497598892,0.138879801908757,0.458646616541353,0.465038329846758,0.425153039699395,0.364497728166365,0.21251112128741,0.0768648404736743,0.674226804123711,0.912414507356087,0.982133295022492,0.52800536063993,0.289123359161199,0.0848691533411881
"Diplodus_puntazzo","Boops_boops","Boops_boops__Diplodus_puntazzo",0.157894736842105,0.197247287745292,0.126611123371561,0.135386188031626,0.159530199615053,0.0710376787709055,0.172413793103448,0.324831898636061,0.308473602059274,0.119900600654382,0.234301286770872,0.119294940924417,0.291666666666667,0.59011129491821,0.669149823785562,0.216410109732807,0.343585776092237,0.168040519307749,0.333333333333333,0.665786713815554,0.745611270047267,0.245380232430508,0.42931901462533,0.290869077470673,0.564516129032258,0.77196243308767,0.844267789538856,0.411532466189826,0.396396219410032,0.133053389922022,0.760204081632653,0.940647791653599,0.986926532312575,0.552061675156881,0.402161253645433,0.12418376923666
"Diplodus_sargus","Boops_boops","Boops_boops__Diplodus_sargus",0.125,0.032500302059526,0.0157254985811823,0.110051202899866,0.0257983529639527,0.00967265342532553,0.12,0.121911380519969,0.0962638729120973,0.0987372393813257,0.0852267315665429,0.0411887253055636,0.255813953488372,0.225263534905126,0.123395114369407,0.201789225646511,0.128832772436871,0.0463972555425041,0.419354838709677,0.27138527646467,0.121042038771932,0.344169609409221,0.1708795548562,0.0650315927577003,0.583333333333333,0.474921144279541,0.445880524417086,0.398364005682951,0.191208100857259,0.05562732794878,0.665217391304348,0.868291072373149,0.962020328980858,0.51184703174775,0.232425227530324,0.0524557910082408
"Diplodus_vulgaris","Boops_boops","Boops_boops__Diplodus_vulgaris",0.176470588235294,0.0690856601143337,0.0673605043134189,0.145924296546749,0.0554554581133533,0.0424251887870195,0.185185185185185,0.168693679944843,0.221633462022746,0.129676804790829,0.124677901254787,0.100841758824332,0.294117647058824,0.245797098214853,0.25804013326364,0.208176889902695,0.157186544700692,0.0974933209520468,0.405405405405405,0.316182578629187,0.314861351467903,0.324844015197282,0.215126183208364,0.169692341341651,0.486842105263158,0.574837138284231,0.523516368099207,0.36748830178038,0.240308617946394,0.0958521471203164,0.703448275862069,0.888001997075662,0.96847822452628,0.562520715283348,0.270916677249879,0.0951597866377878
"Lithognathus_mormyrus","Boops_boops","Boops_boops__Lithognathus_mormyrus",0.263157894736842,0.0601820745358042,0.0330769006288634,0.236599538032962,0.0484929690459537,0.0200315365264938,0.214285714285714,0.179663510550387,0.154476583593537,0.186666975891644,0.130275543312782,0.0666759821845246,0.345454545454545,0.304659300023117,0.232227916531132,0.267021858806852,0.177255951089335,0.0779987258563348,0.342105263157895,0.491273359983099,0.471551852915012,0.244739744217277,0.287240216739039,0.1693867119473,0.562130177514793,0.604493933447645,0.501320690775718,0.405934481860506,0.275770544028694,0.0857018858962444,0.793333333333333,0.947565920093187,0.987940629306306,0.592211829316246,0.315217022677548,0.0830285931562873
"Oblada_melanura","Boops_boops","Boops_boops__Oblada_melanura",0.176470588235294,0.110186359229692,0.102304225356049,0.145924296546749,0.0878608847051134,0.0638581215589689,0.12,0.156532623961734,0.223136582174464,0.0885790967430873,0.119196642693626,0.106494664269754,0.238095238095238,0.175088974323658,0.23720104797895,0.156288942068708,0.12782095124567,0.106933027558044,0.275862068965517,0.294858023525641,0.346871841076733,0.183413108850751,0.207944226718044,0.201101125181403,0.52212389380531,0.504789692531149,0.487260810981839,0.348918213474172,0.235055711621617,0.11878578642615,0.716157205240175,0.938430691721525,0.995620135743466,0.540187053959669,0.251919090126409,0.114048041258173
"Pagellus_acarne","Boops_boops","Boops_boops__Pagellus_acarne",0.222222222222222,0.0680918496893945,0.0339434025066321,0.19753063289595,0.0547670188458911,0.0198975202409697,0.214285714285714,0.104074081244403,0.0713180339116453,0.168411664209843,0.0754870192680599,0.0309686682743173,0.333333333333333,0.195630658564887,0.101076105427539,0.252281221890398,0.110725793176319,0.0361304476733966,0.380281690140845,0.249330364816412,0.140410733424557,0.277461151328043,0.148083177424824,0.0567179048075608,0.541176470588235,0.471580619934481,0.404410265271999,0.395627629166087,0.195158576064753,0.0473964139663772,0.680327868852459,0.843129777442588,0.950787651748999,0.566516536590692,0.222318714476622,0.0421806603752408
"Pagellus_erythrinus","Boops_boops","Boops_boops__Pagellus_erythrinus",0.125,0.387343765895865,0.352621806250363,0.09932438153913,0.288623765811133,0.174580009987148,0.166666666666667,0.469097036442946,0.627098476517758,0.103058363652755,0.335515940274716,0.226650297973777,0.291666666666667,0.609417257710753,0.768521735731501,0.201332593687348,0.404062915745927,0.242053353588125,0.393939393939394,0.631615893894268,0.80314166236362,0.273878379560882,0.484067572793603,0.401173247205144,0.576642335766423,0.765966746701116,0.873293424217415,0.420046525247659,0.442173107476462,0.211809635571136,0.676328502415459,0.843708725542827,0.922246897002042,0.524841040874175,0.43088612631322,0.192308949272883
"Pagrus_pagrus","Boops_boops","Boops_boops__Pagrus_pagrus",0.176470588235294,0.0660688370703617,0.0459291272464961,0.145924296546749,0.0535797399721885,0.0279199685007188,0.153846153846154,0.162150156574945,0.178423416281548,0.103562921331811,0.121264509678193,0.0803258586598965,0.320754716981132,0.225931601252962,0.235624976107252,0.224084831019228,0.151543567551054,0.089578315567862,0.402597402597403,0.320128106376858,0.328445984176328,0.305503578622091,0.223528267728822,0.171066394443289,0.565217391304348,0.541767842611655,0.49030760524669,0.431576817232709,0.247601527099598,0.0918573249331969,0.742351046698873,0.919947017201714,0.978918990148212,0.596005105454346,0.270415935339603,0.0874105019278606
"Sarpa_salpa","Boops_boops","Boops_boops__Sarpa_salpa",0.25,0.0846558169200913,0.112197441811754,0.214931354425294,0.070185848096632,0.0744891139178285,0.2,0.0983540922919977,0.114701491490734,0.164233165534681,0.0765099960483804,0.0676128777895693,0.260869565217391,0.106938091530895,0.115029601658229,0.211889069345479,0.0803011036584256,0.0673980838416228,0.315068493150685,0.146995494922195,0.205603267161483,0.256189510356845,0.114736886252915,0.131789022839547,0.392405063291139,0.324423172679057,0.299843981090185,0.309233819094707,0.149917240365164,0.0919518024279999,0.55052790346908,0.7995924077938,0.914142439894216,0.450986746358778,0.224324300033931,0.0818728653053367
"Sparus_aurata","Boops_boops","Boops_boops__Sparus_aurata",0.125,0.0644523885375758,0.096378077278473,0.0993243815391298,0.0536929476546133,0.0642712081716892,0.0833333333333333,0.194915292039757,0.326080572214916,0.051350222793908,0.147730537536806,0.165722432175886,0.269230769230769,0.247864815412152,0.386761208392109,0.174181308166124,0.173794533471925,0.175200765253787,0.351351351351351,0.323391159595648,0.436357972238028,0.26516429871324,0.23534826037065,0.284922528414065,0.54140127388535,0.556669483891972,0.615011325197736,0.376641270007791,0.250858921582406,0.179350293130244,0.752613240418119,0.920936916306564,0.98245907494062,0.569231100633662,0.272498147861713,0.170231831951537
"Diplodus_puntazzo","Diplodus_annularis","Diplodus_annularis__Diplodus_puntazzo",0.263157894736842,0.191673655386002,0.131970021922103,0.237599708101367,0.150381775893306,0.0641282908403855,0.241379310344828,0.280842484417577,0.289338581762853,0.201375452529243,0.199887808941378,0.0948693335027433,0.384615384615385,0.424321891669507,0.559973030214016,0.301811891839773,0.256345649820693,0.117677304243117,0.323076923076923,0.481630130788788,0.599214250161196,0.260775240485267,0.307313198570047,0.204985309567783,0.609756097560976,0.659027726809372,0.76559424564639,0.43969781138837,0.311633953227255,0.0984170601344927,0.721040189125296,0.874222025654659,0.939300702558845,0.589613480167096,0.315834101863569,0.0837853075980175
"Diplodus_sargus","Diplodus_annularis","Diplodus_annularis__Diplodus_sargus",0.25,0.0993462382125625,0.0892624087422513,0.22967194449863,0.0789141517039798,0.0492399437552711,0.2,0.150763424764488,0.17206323636729,0.190430787737317,0.109207332689726,0.0713838673802407,0.361702127659574,0.284114706941993,0.265226711368967,0.285894469421735,0.169338629018432,0.0864685563159178,0.40625,0.357554898458456,0.436587735894471,0.317512619602114,0.220590109786247,0.175203606337875,0.663865546218487,0.57795411515195,0.605681465873555,0.479647816523089,0.241792219320758,0.0992754052248812,0.710794297352342,0.807076759710746,0.906969285077488,0.541952294397924,0.276331563178546,0.0870926369144813
"Diplodus_vulgaris","Diplodus_annularis","Diplodus_annularis__Diplodus_vulgaris",0.176470588235294,0.0844448171869201,0.0914312206430823,0.163859838888956,0.0681229520805637,0.0547617877719007,0.185185185185185,0.186482232039637,0.278219962697135,0.16427073325059,0.13006718493903,0.101304573327282,0.309090909090909,0.234079272438652,0.32416311939295,0.248324914796376,0.146309005438498,0.0885723882594307,0.342105263157895,0.319689566927883,0.415773453078325,0.281729281569241,0.196848883907067,0.156138679429617,0.549668874172185,0.510459069082749,0.562912146300823,0.4100495310764,0.218808049694317,0.089881027806574,0.55810147299509,0.723417322899065,0.896744965211082,0.47707214846712,0.236087916089971,0.0822599271963291
"Lithognathus_mormyrus","Diplodus_annularis","Diplodus_annularis__Lithognathus_mormyrus",0.157894736842105,0.105445983693242,0.0742415564414962,0.137973628621544,0.0821661721387106,0.0426327626033138,0.142857142857143,0.24548702016653,0.27465650085859,0.132133915590934,0.163727738417132,0.0920004841465578,0.288135593220339,0.286026088123218,0.343505470927914,0.210036378663417,0.1800155550972,0.0938032321164923,0.358974358974359,0.446346383719704,0.502700168347536,0.28467747782229,0.272904394782361,0.1725808421516,0.523809523809524,0.529503565886149,0.615165857377139,0.3891399935563,0.250989851130432,0.0921510430292982,0.57527733755943,0.762761376143346,0.890381065794198,0.476638338525368,0.274087802511798,0.079792459797269
"Oblada_melanura","Diplodus_annularis","Diplodus_annularis__Oblada_melanura",0.176470588235294,0.119406650586153,0.122496097005903,0.163859838888956,0.0963249811661284,0.0736365477326617,0.12,0.199787381890451,0.311643403825627,0.125075603169711,0.142029218132418,0.116797534580605,0.391304347826087,0.344044362856305,0.494328149537732,0.288994936212204,0.197359418408677,0.134329338306817,0.4,0.442641588796885,0.651056012404438,0.305630582383679,0.27137382094574,0.244852680596012,0.589285714285714,0.592145396195549,0.792810104219545,0.445429483750688,0.278574985392614,0.140991347858114,0.685071574642127,0.801769393278946,0.955802668228075,0.563338082144911,0.288346896322251,0.126858883142326
"Pagellus_acarne","Diplodus_annularis","Diplodus_annularis__Pagellus_acarne",0.111111111111111,0.112089094249994,0.0959652488652569,0.0943994413954117,0.0884048042728813,0.050308845452689,0.142857142857143,0.17719339109722,0.183049465526288,0.112775830226663,0.126857325693069,0.0705591165973942,0.272727272727273,0.215426691246697,0.222803296236101,0.20544201251304,0.144208590464684,0.0747173584418419,0.342465753424658,0.278754380712889,0.341153532681246,0.270411663407087,0.188916844643721,0.140022659840686,0.550295857988166,0.434857054352109,0.500522761757111,0.395839953837198,0.207206367525488,0.0771665760218432,0.564875491480996,0.668101041521197,0.79362756975809,0.473232189736623,0.238996126294739,0.0672071253501101
"Pagellus_erythrinus","Diplodus_annularis","Diplodus_annularis__Pagellus_erythrinus",0.125,0.174558089929163,0.180484452342561,0.118866822674635,0.129845132638402,0.083207810748704,0.166666666666667,0.20547694484431,0.285560630806952,0.141517875937456,0.147624055030413,0.102021090280976,0.269230769230769,0.275935425596828,0.352839628851804,0.188294554135801,0.177863924264753,0.106170598781941,0.294117647058824,0.31848583049545,0.340784593033906,0.206788302408643,0.215745189171702,0.157450752524294,0.5,0.494742737110048,0.503279635496446,0.371530872851368,0.235792534111715,0.10009940186294,0.635955056179775,0.701813578156078,0.804614132957709,0.493180451365731,0.246702231643413,0.0868917695542961
"Pagrus_pagrus","Diplodus_annularis","Diplodus_annularis__Pagrus_pagrus",0.176470588235294,0.0937792494198,0.0757173201299288,0.163859838888956,0.0772632726130655,0.0447627757475875,0.153846153846154,0.186860661146995,0.250768753416298,0.139362975042983,0.134148033235709,0.0910979945846719,0.298245614035088,0.291365638105343,0.408867046751138,0.220644559090724,0.171558887075534,0.101967390333828,0.341772151898734,0.390654926038864,0.559235457305886,0.251988419892043,0.232487667068173,0.189019213281665,0.5,0.558219945276501,0.732693820804099,0.387722417338576,0.251489637170504,0.10306560094561,0.576687116564417,0.778689718742894,0.936056652042599,0.474969634773791,0.260824210339992,0.089433405150861
"Sarpa_salpa","Diplodus_annularis","Diplodus_annularis__Sarpa_salpa",0.25,0.124131334372578,0.177261724197812,0.232976610662077,0.0980692238103922,0.10198221304778,0.2,0.162798168309812,0.204199000280101,0.200669063091256,0.120220645350954,0.102963309463754,0.28,0.25495403660699,0.223797079683058,0.248438327572702,0.155903103256807,0.105251318146225,0.333333333333333,0.299023518892731,0.311584461787888,0.290364775812619,0.197058736946558,0.174807162218793,0.515923566878981,0.342183182637513,0.328042892423755,0.417457379693135,0.182401362928829,0.10147864850425,0.550432276657061,0.467407985521059,0.447597858548687,0.463388816735347,0.198142456246915,0.0821770206220611
"Sparus_aurata","Diplodus_annularis","Diplodus_annularis__Sparus_aurata",0.125,0.117621908896301,0.12753393488286,0.118866822674635,0.097562385784274,0.0824156395844031,0.0833333333333333,0.263115138168052,0.42532239048577,0.0895909969894748,0.186828688951879,0.179389948419667,0.214285714285714,0.411689252859469,0.678419076742724,0.152147565032306,0.2409374513736,0.201255208040932,0.263157894736842,0.494850299958991,0.798499961421333,0.191166286276669,0.30811078002455,0.346477018225067,0.435897435897436,0.643651577483052,0.893406460132389,0.325239800192718,0.305913542933335,0.208456740126975,0.570247933884298,0.8265733593287,0.97727946456522,0.440279882344824,0.318503521023458,0.191675777290515
"Diplodus_sargus","Diplodus_puntazzo","Diplodus_puntazzo__Diplodus_sargus",0.157894736842105,0.149864854304804,0.123022970898003,0.146084469283814,0.123772915122839,0.0670847351067161,0.2,0.207190381493492,0.160735269645703,0.164838124357038,0.158134219105993,0.070751496846376,0.387755102040816,0.434089128980158,0.541148610657277,0.28317989321191,0.258897356391405,0.122945442718095,0.409836065573771,0.513990409645707,0.662958559371638,0.276925768411113,0.321682472622087,0.230182698407115,0.618181818181818,0.659578863879026,0.748351419604198,0.416358923381943,0.310701334386515,0.113381803783534,0.698492462311558,0.862673408786062,0.926554524679669,0.535138841390825,0.321919188708523,0.101154777937406
"Diplodus_vulgaris","Diplodus_puntazzo","Diplodus_puntazzo__Diplodus_vulgaris",0.2,0.10558470507305,0.0865445517152914,0.175404508764202,0.0862685528215246,0.0520500255595149,0.1875,0.170776979868281,0.196171155150951,0.159906248899021,0.122339238288308,0.0711030231805498,0.263157894736842,0.292693869053153,0.354866278129682,0.212693700529019,0.166476360102194,0.0706968514108444,0.315068493150685,0.339470230586294,0.391655710500377,0.209823900770641,0.202966551357581,0.140205010957641,0.52112676056338,0.485434395770417,0.496321546926102,0.371421495682815,0.206155086519299,0.0691026165291559,0.602316602316602,0.667098565301484,0.818643150075639,0.50900834378351,0.214204495841352,0.0674170195727222
"Lithognathus_mormyrus","Diplodus_puntazzo","Diplodus_puntazzo__Lithognathus_mormyrus",0.181818181818182,0.129021479454877,0.0634353391772713,0.166730704861661,0.107084729983745,0.0371736284543724,0.212121212121212,0.236162616163598,0.193834457474414,0.16984639022512,0.163373233847329,0.065903733615633,0.377049180327869,0.384967781532632,0.441081835051046,0.266752263963977,0.221658224529951,0.0887473545679158,0.386666666666667,0.421303401476465,0.507788714701711,0.306462736935709,0.264467527324201,0.173133617929988,0.572327044025157,0.531598758403316,0.643444515129441,0.434024676309906,0.257130363704262,0.0863528363837716,0.639405204460967,0.767790209635816,0.876025940109403,0.544004627236418,0.26569411798049,0.0738345609987801
"Oblada_melanura","Diplodus_puntazzo","Diplodus_puntazzo__Oblada_melanura",0.2,0.127104400238745,0.091731018587546,0.175404508764202,0.102653273284427,0.0559495405207022,0.2,0.226824160284963,0.256204954540711,0.154390677141645,0.152717293043319,0.0889974289261384,0.333333333333333,0.47688875172793,0.665490333858525,0.224370018604039,0.247783291589726,0.128729563438334,0.368421052631579,0.508959127004321,0.719728377974803,0.251135818565674,0.298161072248652,0.240656441560303,0.553398058252427,0.595991499060344,0.79262975180725,0.376999542477021,0.269211173182697,0.122276591749975,0.646464646464646,0.764329308285779,0.93836158865789,0.490351418374493,0.282304664614675,0.116889666523482
"Pagellus_acarne","Diplodus_puntazzo","Diplodus_puntazzo__Pagellus_acarne",0.238095238095238,0.112612366923134,0.0924802483187159,0.219123258827029,0.0891177501484643,0.0483845898741768,0.212121212121212,0.195270531024605,0.158711938515718,0.193292022436718,0.139037564183732,0.0654243709560847,0.263157894736842,0.308517802232652,0.408724707347719,0.229132585540256,0.188572833830493,0.0988877186588935,0.285714285714286,0.359814171697876,0.441834384490646,0.221253887272987,0.234772619968833,0.169171886178118,0.4875,0.430373850797918,0.430423973337096,0.395433501337126,0.225258777537979,0.0760225143639024,0.608955223880597,0.63177328885761,0.654361631272368,0.534158612954862,0.236510748547613,0.069165558555403
"Pagellus_erythrinus","Diplodus_puntazzo","Diplodus_puntazzo__Pagellus_erythrinus",0.157894736842105,0.376563770913098,0.300967085734525,0.13651033539894,0.288328484575377,0.142640648800876,0.172413793103448,0.426798660732135,0.497352775770475,0.139374057646321,0.300765037052494,0.16237565500051,0.259259259259259,0.586072894700002,0.767548911239424,0.213354862697448,0.364144298731162,0.176522235416487,0.292307692307692,0.635316187029265,0.793418451038881,0.226704969775848,0.432231368798489,0.331302073524935,0.52755905511811,0.818811553875279,0.947562093047204,0.391019995813651,0.401537290730193,0.16940956912666,0.693181818181818,0.885482081092818,0.976538338988961,0.507885907279969,0.404325980345425,0.155924873863415
"Pagrus_pagrus","Diplodus_puntazzo","Diplodus_puntazzo__Pagrus_pagrus",0.2,0.0903616751020466,0.0490436576582911,0.175404508764202,0.0718062321160986,0.0288476292502853,0.161290322580645,0.129864815741121,0.12434077246405,0.137584949465035,0.0902304360675927,0.0437489930510813,0.288135593220339,0.269336976038524,0.367510343888708,0.216687209036998,0.140638292146241,0.0651746821716594,0.342105263157895,0.281434817136635,0.395035077190994,0.260550946491682,0.16222916151549,0.127100317421839,0.562913907284768,0.398838535131647,0.479158224687778,0.412407504776034,0.16921008447491,0.060865213551786,0.588550983899821,0.56444158612715,0.691660125455726,0.515504481391075,0.183394703293588,0.058283685118296
"Sarpa_salpa","Diplodus_puntazzo","Diplodus_puntazzo__Sarpa_salpa",0.263157894736842,0.293623855977846,0.418556017033823,0.236549955341425,0.236240908600129,0.226913949642878,0.266666666666667,0.440946446926484,0.682538054852631,0.221897243234176,0.324234340654048,0.282343675319425,0.423076923076923,0.64139286774945,0.871584656333049,0.31793876374224,0.401066890169897,0.303339750369928,0.416666666666667,0.72234804672749,0.887687647998249,0.323375155706774,0.492520078799875,0.450924001181373,0.621621621621622,0.767352701495963,0.91828976132455,0.501634730257563,0.438333524695912,0.230694161927444,0.813643926788685,0.970493372827206,0.995295202016282,0.640536112102212,0.448802789355371,0.176168266692542
"Sparus_aurata","Diplodus_puntazzo","Diplodus_puntazzo__Sparus_aurata",0.157894736842105,0.159507215060716,0.13012969258176,0.13651033539894,0.129912300325736,0.0826959913988239,0.172413793103448,0.256296744872105,0.360090061578371,0.12400664412967,0.182062195403233,0.146848928109874,0.344827586206897,0.454495041130503,0.749938377691618,0.241847689103724,0.251927292942681,0.179817750893259,0.397260273972603,0.468524351339026,0.776804822474585,0.286368996310733,0.296811429309604,0.320263080109389,0.591836734693878,0.599763211045552,0.865620676518624,0.419860782679687,0.284567159904065,0.181602504245149,0.67578125,0.766173453016007,0.933185330127257,0.54030723890536,0.293892196703468,0.173406516676965
"Diplodus_vulgaris","Diplodus_sargus","Diplodus_sargus__Diplodus_vulgaris",0.176470588235294,0.073082415023684,0.12028007859135,0.157791010339605,0.0606941873256159,0.0736342109090806,0.142857142857143,0.121626763001736,0.236577442625812,0.118896959755686,0.0862126161488086,0.0952872761998482,0.269230769230769,0.23561078206618,0.283618196740107,0.183179052039481,0.135588044481532,0.0889648221453407,0.277777777777778,0.32026084937079,0.447575554609552,0.207274995415897,0.189704201878861,0.178774350263851,0.434782608695652,0.488113540733506,0.594983111904121,0.287768417092726,0.20964070095475,0.103457932105333,0.580204778156997,0.69628971442492,0.764737992692567,0.425089834548714,0.226150525585689,0.0926104549986473
"Lithognathus_mormyrus","Diplodus_sargus","Diplodus_sargus__Lithognathus_mormyrus",0.263157894736842,0.0389891862989413,0.0509324651845398,0.24803312390671,0.0330511432003409,0.0307806019337908,0.172413793103448,0.130811186794962,0.132509695530615,0.176078182711496,0.0902059746022359,0.0525094590472455,0.285714285714286,0.167167542890819,0.134962075964417,0.231406230456601,0.106947442118333,0.0496661312250513,0.378378378378378,0.353486816097429,0.484684439046666,0.296233076630907,0.209035273981838,0.159709430611185,0.548387096774194,0.457673719753925,0.541959464504868,0.416249213172833,0.213549090523607,0.0878506189611437,0.597359735973597,0.668659045119287,0.657486416488412,0.486390640689204,0.23719242130336,0.0724620340774829
"Oblada_melanura","Diplodus_sargus","Diplodus_sargus__Oblada_melanura",0.176470588235294,0.112256041219814,0.153174923790165,0.157791010339605,0.0913339609525683,0.0933438234977397,0.153846153846154,0.215837034708245,0.306784060885057,0.138109053798311,0.146935370731368,0.122908850641606,0.348837209302326,0.369587062408428,0.435633499617233,0.257795999889266,0.207437362447753,0.135921321564523,0.392857142857143,0.485917588255993,0.715420606503786,0.313666128775427,0.302796532841431,0.284626195522417,0.595959595959596,0.642104264544236,0.827623082087294,0.416010036899628,0.291743334217695,0.161819418362255,0.698275862068966,0.864580427479148,0.979721975808159,0.529109753818686,0.305676281160182,0.147663259722746
"Pagellus_acarne","Diplodus_sargus","Diplodus_sargus__Pagellus_acarne",0.222222222222222,0.0383027540035363,0.00990955628350809,0.209175153265069,0.0313868135936075,0.00564205484337843,0.172413793103448,0.121856048827974,0.0593878140386843,0.157753890280053,0.0830025662492908,0.0245851066571683,0.307692307692308,0.166663526124505,0.0645592320078021,0.214981585398474,0.105014827069504,0.0250206189585709,0.333333333333333,0.203613956306339,0.124556487738713,0.254026319464763,0.140829513482075,0.0572506621804967,0.538461538461539,0.325117762935708,0.220530539332723,0.398770515818832,0.15752502689513,0.0371589193724025,0.51490514905149,0.47924045355882,0.623257634962708,0.441828744652318,0.165191148623881,0.0314003360649882
"Pagellus_erythrinus","Diplodus_sargus","Diplodus_sargus__Pagellus_erythrinus",0.125,0.393844045609026,0.421454148129912,0.111336452625348,0.293664845828197,0.198958127555087,0.2,0.43396400598163,0.59979315603674,0.155231622075696,0.276063825575407,0.19564669983679,0.387755102040816,0.682008636717917,0.866725606032989,0.271033107897235,0.376787852637063,0.216355409939967,0.4375,0.745587404349161,0.916269041805585,0.310136286576917,0.460230970167913,0.365637796164169,0.609756097560976,0.853429294359686,0.967436838387176,0.436782436193374,0.42558230545479,0.199145810500915,0.728571428571429,0.905400002450473,0.968735669700557,0.574457370519255,0.416223486151307,0.176554511955282
"Pagrus_pagrus","Diplodus_sargus","Diplodus_sargus__Pagrus_pagrus",0.176470588235294,0.067461991937064,0.0721808448975587,0.157791010339605,0.0560462066138678,0.0434021095161885,0.185185185185185,0.11660751469249,0.151153684073364,0.152139373511142,0.0828067349789923,0.0607197183701274,0.259259259259259,0.274959233086053,0.290560713532807,0.195094939588694,0.149727881772471,0.0796223882004228,0.333333333333333,0.384994871489653,0.537919791775714,0.258591852757117,0.226037156284234,0.191318819733124,0.591836734693878,0.557615581311312,0.691679372031973,0.408170940951883,0.234290888054354,0.100992753747188,0.681020733652313,0.760399645807652,0.812469340282831,0.519997185053767,0.246431194976138,0.0872316460375213
"Sarpa_salpa","Diplodus_sargus","Diplodus_sargus__Sarpa_salpa",0.125,0.098416065879666,0.164841024810968,0.106516370746424,0.0808797514026596,0.103087298177964,0.0769230769230769,0.208637546336395,0.351412689645681,0.0660781204657039,0.149638426438861,0.167591230435462,0.234042553191489,0.298635993174695,0.373100723404067,0.157946736277847,0.184192444518687,0.168940563747172,0.323943661971831,0.359018078805873,0.469294371906495,0.246486749132891,0.242617703517124,0.260859682978414,0.527777777777778,0.525916018488439,0.62444217886854,0.36899834717754,0.24637266317011,0.162788767970615,0.54559043348281,0.681533452162185,0.834025307326779,0.430391134159089,0.276325094536698,0.121740042513518
"Sparus_aurata","Diplodus_sargus","Diplodus_sargus__Sparus_aurata",0.125,0.115489768101473,0.169165151603168,0.111336452625348,0.0959397766929537,0.108838067002148,0.12,0.233321288877943,0.423656544569031,0.103269201211264,0.163597501563115,0.183876254643139,0.358490566037736,0.433099300978536,0.675313823876045,0.236467500991503,0.242429922758215,0.211100460884798,0.444444444444444,0.518815026057637,0.802789033955404,0.332877786679924,0.319864212884613,0.364735284825179,0.636363636363636,0.688656359690443,0.903961592210106,0.457641675893278,0.314047465909216,0.221602500910824,0.696551724137931,0.833236036802486,0.943973015789662,0.52835070696686,0.32200376917923,0.203170741105161
"Lithognathus_mormyrus","Diplodus_vulgaris","Diplodus_vulgaris__Lithognathus_mormyrus",0.1,0.0341800245146897,0.01814737895771,0.10156913403623,0.0286823696639398,0.0117288851558959,0.096774193548387,0.0875736528735138,0.0670240406093134,0.0887805764112963,0.0637172216971438,0.0352348632432711,0.25,0.156785081974436,0.14862166865435,0.178283995254893,0.0882637331834166,0.0396913335212825,0.325581395348837,0.207690396846994,0.224490321285267,0.238401738062614,0.116634472233875,0.0779116073060411,0.433155080213904,0.278439269121456,0.238649109914536,0.310655182948175,0.120254348703128,0.0461971494546662,0.369146005509642,0.557732256899132,0.749701335441938,0.316948726426964,0.150888801680923,0.0444272055891066
"Oblada_melanura","Diplodus_vulgaris","Diplodus_vulgaris__Oblada_melanura",0,0.0246095122015324,0.00668239924060754,0,0.0193696508739389,0.00431799015411993,0.0714285714285714,0.0570001852258533,0.0172899249454963,0.0436239370076623,0.0380193224201322,0.00792425685436626,0.372549019607843,0.167694622520395,0.153621710542925,0.211278658356449,0.082304893593085,0.0287445980647765,0.411764705882353,0.191669397972135,0.172025275758582,0.273233550957487,0.113388936172235,0.0499695717898967,0.541984732824427,0.432277506541235,0.548055285574976,0.377726163133681,0.136098403752546,0.037735473117672,0.458904109589041,0.627838272152489,0.933804642740561,0.416431801677352,0.14470359307855,0.0357885633735608
"Pagellus_acarne","Diplodus_vulgaris","Diplodus_vulgaris__Pagellus_acarne",0.0526315789473684,0.0672479046033876,0.128487054195801,0.0576785615334006,0.0558361749230227,0.0767987289598147,0.032258064516129,0.118152303043622,0.197263552744631,0.0413920402643462,0.0928487985657742,0.0937193638750109,0.2,0.18181068098002,0.235407460060936,0.134439109957108,0.114828946638216,0.0869758365624054,0.209876543209877,0.214809835336337,0.27948576209324,0.153501594938764,0.152772000650136,0.159287896357466,0.340425531914894,0.314949128980019,0.30472271659161,0.239949741041008,0.158091515808604,0.0863840045116615,0.375291375291375,0.534681217958688,0.808345045475033,0.309889755706312,0.181028757645029,0.0843103553923847
"Pagellus_erythrinus","Diplodus_vulgaris","Diplodus_vulgaris__Pagellus_erythrinus",0.0588235294117647,0.250003412333818,0.210472115439619,0.0517950961013625,0.189987071709041,0.117250763143949,0.111111111111111,0.320868450447435,0.40444003917794,0.0983934762381022,0.205027740568571,0.132046644025795,0.228070175438597,0.388201852095622,0.576090617994098,0.18955184975582,0.237351108511167,0.127828734114197,0.315789473684211,0.452744536771486,0.598952986211436,0.243019847844704,0.289745197575904,0.213935042243036,0.535483870967742,0.654862481501175,0.780602719028911,0.391091828357488,0.288365697456441,0.123301029501012,0.655555555555555,0.751622486357859,0.833963437562901,0.528535635780121,0.293001401445117,0.112627816170568
"Pagrus_pagrus","Diplodus_vulgaris","Diplodus_vulgaris__Pagrus_pagrus",0,0.0190638289744487,0.0125087487988009,0,0.0156132724479729,0.00814578545315703,0.0344827586206897,0.0212826313508216,0.0175741299035075,0.0277538325019471,0.0165054549478387,0.00898015505709049,0.161290322580645,0.0684579425604706,0.0616934898778296,0.10867849490163,0.0345723203006851,0.0126106977839,0.241379310344828,0.097050674369038,0.0785517167903318,0.175983483477263,0.0474180681587053,0.0199356791570418,0.385474860335196,0.280297533694577,0.380932856366126,0.262318544328947,0.076670066809339,0.0192566301891801,0.311914323962517,0.461970357786359,0.786661091056797,0.257946436243206,0.0850231247856752,0.0182490409110332
"Sarpa_salpa","Diplodus_vulgaris","Diplodus_vulgaris__Sarpa_salpa",0.0588235294117647,0.138090977586552,0.263691707171925,0.0571504081798642,0.113940396197725,0.166158677876863,0.0714285714285714,0.225167645676917,0.439577964183188,0.0558912496482482,0.170660686626802,0.210642000376692,0.272727272727273,0.293683608353742,0.483860047139249,0.171168808102636,0.196449628337074,0.203407477882222,0.27710843373494,0.349080553291094,0.475445864271944,0.210826114038996,0.248748458146701,0.278454667541001,0.431818181818182,0.556681604320773,0.685831238634585,0.302936228839239,0.257548696945546,0.168545279253405,0.498098859315589,0.717629554219074,0.857818195839076,0.383146510396678,0.268721538174154,0.128501525507719
"Sparus_aurata","Diplodus_vulgaris","Diplodus_vulgaris__Sparus_aurata",0.0588235294117647,0.0206901590875548,0.00742820513887144,0.0517950961013622,0.016520868543753,0.00527993179967345,0.111111111111111,0.044361204127654,0.04290070327138,0.0828833198860852,0.0313256027830116,0.021266526788875,0.213114754098361,0.142569317594494,0.23844751960268,0.155855760178046,0.071104861734784,0.0530017694411486,0.238095238095238,0.159168611421835,0.25707615318089,0.201434627210271,0.0883418847295785,0.0850762918751466,0.348571428571429,0.392907381951855,0.688052855009241,0.252807025045714,0.110933196855693,0.0638587362159482,0.331428571428571,0.516836718680382,0.804666486830223,0.262543490059613,0.120619989684046,0.0573145165594966
"Oblada_melanura","Lithognathus_mormyrus","Lithognathus_mormyrus__Oblada_melanura",0.1,0.0410925322324258,0.0265638841471283,0.10156913403623,0.0339946098624118,0.0171277431581738,0.103448275862069,0.104597202916425,0.0842859217841112,0.104339655704559,0.0748376892679941,0.0424442229487807,0.309090909090909,0.310195338176657,0.396954317612221,0.219761377331235,0.14840427511272,0.086429418540416,0.371428571428571,0.345300225130362,0.510299301875967,0.238225417178233,0.189516219905731,0.158907979949032,0.527027027027027,0.430972524737879,0.558326949440566,0.365943479739214,0.190665271072222,0.0947024130361003,0.43046357615894,0.678913468071719,0.948344884002386,0.369718226452527,0.201276579170288,0.086626600767713
"Pagellus_acarne","Lithognathus_mormyrus","Lithognathus_mormyrus__Pagellus_acarne",0.0476190476190477,0.046453762891012,0.054328833790074,0.0441492145637781,0.0397751772975061,0.0322221322438088,0.0625,0.127547113601597,0.0973231587332664,0.0463553964784684,0.0921701103023536,0.0425470047671666,0.25,0.142198423315397,0.110397225906232,0.13899510874595,0.0987705574637228,0.0422556393492646,0.253012048192771,0.227175876968078,0.274550022378536,0.15849366125467,0.157503408112967,0.109979089463556,0.297560975609756,0.278596611175315,0.269356684953293,0.178015160766117,0.149325256847861,0.0546209016924306,0.300683371298405,0.445978693563023,0.491005254155427,0.22474124813181,0.162359020896916,0.0478642349739138
"Pagellus_erythrinus","Lithognathus_mormyrus","Lithognathus_mormyrus__Pagellus_erythrinus",0.157894736842105,0.343994624456836,0.264558025227918,0.152561636465124,0.259707471710613,0.13807076834122,0.214285714285714,0.513337265395962,0.598828427732193,0.188775229532944,0.311891589457133,0.177542283177828,0.344262295081967,0.694932108973551,0.890920011984323,0.26978252473171,0.382146195630136,0.189396464590009,0.435897435897436,0.753628810557968,0.91136227433491,0.344803972735331,0.454872785172739,0.316061628734197,0.627906976744186,0.86286175627167,0.965553277644919,0.47105207849786,0.41919976481534,0.174763705589692,0.760714285714286,0.923232778066939,0.987928135677937,0.6165582881204,0.424776145558692,0.154948812770546
"Pagrus_pagrus","Lithognathus_mormyrus","Lithognathus_mormyrus__Pagrus_pagrus",0.1,0.0383099608183199,0.00546848227715757,0.10156913403623,0.0325086617631389,0.00355971957292311,0.133333333333333,0.0740983558814898,0.0398900501082151,0.117107371905681,0.0564888030160315,0.0204664867927009,0.212121212121212,0.225551536070202,0.257738693618379,0.164210051784035,0.112047088004829,0.0497276202287837,0.168539325842697,0.273990901628448,0.408014271749279,0.138409749589123,0.148625745788613,0.111115225953085,0.326530612244898,0.344196915297498,0.451941375073702,0.22119408812725,0.14969899615728,0.0600584494444494,0.295958279009126,0.50850316575966,0.719530644446727,0.236410960019275,0.156450240028434,0.0500879931890099
"Sarpa_salpa","Lithognathus_mormyrus","Lithognathus_mormyrus__Sarpa_salpa",0.157894736842105,0.144494441683911,0.24968605574976,0.157803537266708,0.119512291900143,0.15393101684193,0.103448275862069,0.283343026186873,0.492138195403258,0.116487486983168,0.211629692025935,0.225321945536184,0.322033898305085,0.428924797327702,0.609298972986536,0.228451377413073,0.264180966436559,0.237655282939008,0.294117647058824,0.558220098797885,0.691178736215646,0.204858355911091,0.359625384175585,0.339058568723,0.419689119170984,0.66407875314305,0.794755910881815,0.318901583653848,0.332627169121957,0.1945322586105,0.530284301606922,0.853874772463865,0.940347775011029,0.421230640549854,0.347134153218178,0.145992926452116
"Sparus_aurata","Lithognathus_mormyrus","Lithognathus_mormyrus__Sparus_aurata",0.157894736842105,0.0664400064303916,0.0433215081429044,0.152561636465124,0.0549748064153877,0.0293470614042546,0.142857142857143,0.153655139295592,0.17125814796996,0.14315297674008,0.120232726963301,0.0958429901644726,0.230769230769231,0.396966725588749,0.656693342715322,0.169307626350113,0.207629216950803,0.161749322484939,0.255813953488372,0.433875238969194,0.737559485746476,0.190735192088094,0.252210042025175,0.268019110291725,0.364583333333333,0.533360702060281,0.822267504329562,0.250915317249566,0.242957876672089,0.167620191381853,0.352777777777778,0.670438506505046,0.910163086798421,0.265286186241746,0.250287465128276,0.152025502756884
"Pagellus_acarne","Oblada_melanura","Oblada_melanura__Pagellus_acarne",0.0526315789473684,0.0848094484266981,0.155368998142564,0.0576785615334006,0.0702415906887879,0.0931183358546435,0.103448275862069,0.102248131695312,0.200735735734746,0.0848627419972003,0.0826230822158842,0.0983619055178724,0.294117647058824,0.236004416187941,0.359125213536895,0.20119807360558,0.131954695660389,0.11896696392026,0.292307692307692,0.283832809532156,0.533767358049548,0.185283279881064,0.177301543254628,0.231127992901325,0.503355704697987,0.38976511108355,0.616459265283252,0.350278220772063,0.183639563721445,0.128564744725467,0.467391304347826,0.564856472569857,0.906160852812065,0.402190041765892,0.194594759313282,0.122358061606589
"Pagellus_erythrinus","Oblada_melanura","Oblada_melanura__Pagellus_erythrinus",0.0588235294117647,0.25492897783075,0.207938730064237,0.0517950961013625,0.198506569340501,0.121842004404203,0.12,0.353992363677333,0.443992111238841,0.0890736501581169,0.250605885507954,0.164391535724424,0.375,0.515210788161198,0.633829399156343,0.24977392567692,0.322259041698139,0.182042468164974,0.5,0.597497237305201,0.65015925247897,0.347073722969472,0.418972138339406,0.307467558837771,0.637931034482759,0.703660170707399,0.654766143273373,0.463141541563142,0.371547630781139,0.17232386086123,0.727272727272727,0.93755246669613,0.996550593516984,0.589019487060447,0.379128448091861,0.160369391690668
"Pagrus_pagrus","Oblada_melanura","Oblada_melanura__Pagrus_pagrus",0,0.0254190136229109,0.0186296895271865,0,0.0210727592692939,0.0121178985512185,0.037037037037037,0.0529750766890762,0.035298555909882,0.0158893422319286,0.0372277735602826,0.0162228588238207,0.320754716981132,0.0974330205552503,0.0559529847035583,0.196861060496722,0.0568043022426572,0.0187463827223293,0.380281690140845,0.127092272020401,0.0633244687364127,0.24734549626211,0.0812991081092278,0.0299584400290875,0.514285714285714,0.216903710585139,0.0772666356544185,0.359187425252958,0.0989631464660001,0.0205055071626035,0.4208,0.347159388038662,0.130317814183242,0.366926526723667,0.109546215324391,0.0204229208429376
"Sarpa_salpa","Oblada_melanura","Oblada_melanura__Sarpa_salpa",0.0588235294117647,0.214095189737266,0.3670865552224,0.0571504081798642,0.174055154642609,0.225662408630883,0.0769230769230769,0.236981246430218,0.442227937534031,0.0719578474670888,0.185783814052074,0.226830414113004,0.260869565217391,0.252479635093273,0.44359542794028,0.195607523352843,0.191423271728396,0.222951390986224,0.313432835820896,0.325748062471774,0.468996015234935,0.212363614747164,0.266143416705757,0.328008703094013,0.518248175182482,0.437576136567187,0.524779845566491,0.368728949273383,0.266518771637089,0.201379158782541,0.583208395802099,0.822300335194393,0.952685020425674,0.47839086165352,0.287335843402912,0.156396055589707
"Sparus_aurata","Oblada_melanura","Oblada_melanura__Sparus_aurata",0.0588235294117647,0.0411483539039001,0.0108940047538701,0.0517950961013625,0.0326969312319745,0.00737491546357738,0.04,0.0619095062321458,0.0282985871920445,0.0394018480112635,0.0462606351247032,0.0172753855334293,0.346153846153846,0.102459437514208,0.040078654526736,0.215011220430302,0.0653519748034892,0.0204548235464492,0.411764705882353,0.127566823753133,0.0374404957564318,0.272528978983698,0.0889354397854241,0.0283742533287883,0.529411764705882,0.226987317122261,0.0437609555930871,0.382454681449448,0.108100066570838,0.0198853179999061,0.467128027681661,0.718674876252203,0.944528775911723,0.397355309912995,0.127592646528012,0.0248927915655703
"Pagellus_erythrinus","Pagellus_acarne","Pagellus_acarne__Pagellus_erythrinus",0.111111111111111,0.386425817542069,0.413835820951487,0.109147582872356,0.29121641780585,0.190465180593787,0.142857142857143,0.479446035856668,0.657712114934043,0.139218520297863,0.346064262959959,0.226887284543288,0.263157894736842,0.654906857898818,0.858229615731252,0.193480892210842,0.418194133307201,0.237421593049274,0.36986301369863,0.746932546323194,0.917123339396646,0.286274763249497,0.527431935065844,0.411908323742814,0.61849710982659,0.846481641722308,0.968036884248704,0.463694161676642,0.464823083876846,0.209392641635937,0.763005780346821,0.904930213941222,0.989054867053028,0.643305205046483,0.461188469436069,0.189814922149353
"Pagrus_pagrus","Pagellus_acarne","Pagellus_acarne__Pagrus_pagrus",0.0526315789473684,0.0377635048556413,0.0698802649702115,0.0576785615334006,0.0311377616360902,0.0409776696330255,0.0666666666666667,0.0836401731667695,0.110336007067163,0.0690665299825479,0.064615874950815,0.0542779675416369,0.193548387096774,0.199164817774795,0.247698502309586,0.127081722341064,0.107746508308172,0.0735775035676447,0.214285714285714,0.260134966777896,0.410424881517908,0.14500448010741,0.156311425082228,0.163472737979845,0.309644670050761,0.327332899027111,0.506227757898573,0.227071723851012,0.148222031425791,0.0796754451495076,0.305895439377086,0.458843490922467,0.765486508743837,0.251912314906443,0.156393185817178,0.0730001045112838
"Sarpa_salpa","Pagellus_acarne","Pagellus_acarne__Sarpa_salpa",0.111111111111111,0.121306195944226,0.202186288541974,0.114451696481886,0.100802731876434,0.121550505621503,0.103448275862069,0.162852925175857,0.321277729534046,0.0970587490723662,0.126566163117014,0.155693363549156,0.236363636363636,0.265245194034609,0.356380119719386,0.167042716548077,0.164740731415674,0.159441001334467,0.25,0.314153956554786,0.445771772687283,0.163126252161303,0.215238906086862,0.237518704854635,0.371134020618557,0.465655410558289,0.674988415541771,0.263623006592031,0.232983085172544,0.155291983530257,0.383634431455898,0.655239276959824,0.810395079671972,0.297495636958519,0.244383648490598,0.101721641940026
"Sparus_aurata","Pagellus_acarne","Pagellus_acarne__Sparus_aurata",0.111111111111111,0.117530131210223,0.186520522039417,0.109147582872356,0.0972351467943915,0.117204878003108,0.142857142857143,0.172324397906485,0.332608652387381,0.12385046515654,0.139478935952286,0.172198164756194,0.278688524590164,0.342617516059358,0.627876537102068,0.194501590859422,0.203869688556369,0.210989298007919,0.333333333333333,0.38736020452466,0.723248355492712,0.237160375604402,0.254612728955077,0.357069512454794,0.357512953367876,0.487108517721712,0.826492985391117,0.26126407311589,0.244615839260487,0.210599752249433,0.382629107981221,0.60289477653901,0.911034837026968,0.292339347684436,0.250646518991556,0.19948628020629
"Pagrus_pagrus","Pagellus_erythrinus","Pagellus_erythrinus__Pagrus_pagrus",0.0588235294117647,0.281893563848068,0.231757156526643,0.0517950961013625,0.218720940902952,0.125264974150199,0.0769230769230769,0.353697794848818,0.447481330204253,0.0708330744166044,0.234643686637763,0.148232074582048,0.254237288135593,0.443496339237902,0.605921260100877,0.177731140746715,0.274375607429681,0.151623791698183,0.316455696202532,0.484329666470596,0.603098399799316,0.247894672944583,0.329166963520449,0.249438157907041,0.524390243902439,0.601985016246,0.620157177263782,0.368592760109727,0.305164198329275,0.139130837045585,0.645438898450947,0.779549131478324,0.899955141174583,0.533638101592827,0.31060772737044,0.12672731750667
"Sarpa_salpa","Pagellus_erythrinus","Pagellus_erythrinus__Sarpa_salpa",0.125,0.4140425363982,0.561367246121766,0.115206750806004,0.295631327323129,0.26237385190969,0.2,0.483403396606806,0.696314415333342,0.166197369476592,0.329256321457785,0.272881344074054,0.346153846153846,0.601679938956987,0.758743006701584,0.253905000241456,0.381835422548478,0.278577631804658,0.413333333333333,0.653206716299698,0.751321146102289,0.345638612063523,0.455567873236289,0.379838570108467,0.540372670807453,0.750670606846315,0.835554849530938,0.453758003822508,0.43069936515311,0.231351455272633,0.685393258426966,0.905101774666575,0.975486361846153,0.607549921163276,0.430702608568508,0.179777670962902
"Sparus_aurata","Pagellus_erythrinus","Pagellus_erythrinus__Sparus_aurata",0,0.279039090817137,0.223853830803875,0,0.214952621258814,0.135524854005963,0.0833333333333333,0.388750818253978,0.467665648891304,0.0511249490072989,0.256643997931632,0.187476655889678,0.275862068965517,0.510730323038343,0.642268999921304,0.182478788639699,0.307338474984345,0.200001658707482,0.315789473684211,0.539075713467557,0.651805332174917,0.231490834308192,0.377316676568639,0.324943143542886,0.5125,0.623433846016733,0.647841203508248,0.370180892275086,0.33269630046767,0.194554188103993,0.692883895131086,0.873037869938817,0.985571803919438,0.548299938917273,0.339435050103486,0.181154047738129
"Sarpa_salpa","Pagrus_pagrus","Pagrus_pagrus__Sarpa_salpa",0.0588235294117647,0.164048256566642,0.276836782566256,0.0571504081798642,0.135709567934053,0.169286244565961,0.111111111111111,0.254514987140914,0.468258499315272,0.086882246338418,0.195745023135315,0.221986289348881,0.228070175438597,0.294648720564713,0.49414380142028,0.150427532784121,0.213091399850326,0.220106774292143,0.302325581395349,0.381704892299198,0.498401145320326,0.233520303048487,0.285447499618903,0.310614705942257,0.437837837837838,0.518283501461991,0.580822792699801,0.346786175395266,0.292225727789162,0.184158361248063,0.510843373493976,0.859187481042587,0.969359946792799,0.409106746801735,0.309088406559228,0.136364248708423
"Sparus_aurata","Pagrus_pagrus","Pagrus_pagrus__Sparus_aurata",0.0588235294117647,0.0353148850173339,0.0331579056925897,0.0517950961013625,0.0292023085563515,0.0224800781223311,0.0769230769230769,0.0569359043930941,0.0842442584836212,0.055256595776797,0.044366128856574,0.0440123494251756,0.206349206349206,0.0862651327856787,0.116497209968431,0.122891384091646,0.0564847549029612,0.0469777137095739,0.241379310344828,0.0925843496808656,0.106544179675724,0.165918507217065,0.0648778481723082,0.0629340436534507,0.315217391304348,0.169401060890823,0.130549639128079,0.219208724616837,0.0773849483680693,0.0458467444735056,0.279352226720648,0.527426402889699,0.885802198005862,0.221137935259405,0.0937563156885381,0.0485288977023655
"Sparus_aurata","Sarpa_salpa","Sarpa_salpa__Sparus_aurata",0.125,0.166537569203914,0.286773726033224,0.115206750806004,0.138607275824712,0.190471902123957,0.12,0.251007583796768,0.461505706087881,0.114735097135961,0.194752248710949,0.250924202104413,0.285714285714286,0.291537857664401,0.469416645154013,0.20460139838132,0.213437817078766,0.247837363747818,0.301204819277108,0.355701818241928,0.486865411358862,0.245710742682076,0.278470156184026,0.353686679683536,0.458563535911602,0.438493473773329,0.500730603489576,0.354221029835132,0.266926865259913,0.225297544676033,0.514687100893997,0.584240770373728,0.501715952257284,0.407712706226402,0.277597399205878,0.187656773329526
